EmployeeID,Age,Gender,Department,JobRole,EducationField,JobSatisfaction,YearsAtCompany,MonthlyIncome,Education,Attrition
EMP10000,38,Male,Sales,Healthcare Representative,Other,3,5,3664,2,No
EMP10001,37,Male,Human Resources,Human Resources,Life Sciences,3,4,9931,5,No
EMP10002,31,Male,Sales,Manufacturing Director,Technical Degree,4,0,4785,5,Yes
EMP10003,27,Male,Finance,Human Resources,Marketing,1,1,9451,2,No
EMP10004,26,Female,IT,Sales Executive,Other,3,1,4489,4,No
EMP10005,20,Male,Sales,Manager,Life Sciences,2,2,8493,1,Yes
EMP10006,30,Female,IT,Healthcare Representative,Life Sciences,3,3,4999,4,No
EMP10007,42,Female,Sales,Healthcare Representative,Human Resources,3,2,4793,5,No
EMP10008,34,Female,Research & Development,Research Scientist,Life Sciences,2,0,5811,2,No
EMP10009,38,Male,IT,Research Scientist,Marketing,2,2,9975,3,No
EMP10010,24,Female,Sales,Manager,Other,3,13,8455,3,No
EMP10011,42,Male,Human Resources,Laboratory Technician,Technical Degree,2,1,2000,2,Yes
EMP10012,31,Female,Research & Development,Human Resources,Other,4,1,3208,3,No
EMP10013,36,Male,Sales,Sales Executive,Medical,4,5,9663,4,No
EMP10014,28,Male,IT,Manager,Other,3,7,2675,4,No
EMP10015,43,Female,Sales,Laboratory Technician,Other,3,1,5368,5,No
EMP10016,41,Female,IT,Sales Representative,Medical,4,8,4186,2,No
EMP10017,34,Male,Research & Development,Research Scientist,Life Sciences,4,3,9186,1,No
EMP10018,34,Male,IT,Sales Representative,Technical Degree,5,2,5504,1,No
EMP10019,34,Female,Research & Development,Human Resources,Life Sciences,2,2,9827,1,No
EMP10020,33,Female,IT,Manager,Life Sciences,3,2,4332,3,No
EMP10021,40,Female,Sales,Healthcare Representative,Technical Degree,3,0,5219,2,No
EMP10022,42,Male,IT,Healthcare Representative,Human Resources,3,6,11215,5,No
EMP10023,36,Male,Research & Development,Laboratory Technician,Technical Degree,3,0,8519,5,No
EMP10024,31,Female,Research & Development,Research Scientist,Medical,2,6,2000,3,Yes
EMP10025,37,Male,IT,Research Scientist,Life Sciences,3,1,5732,4,No
EMP10026,33,Male,Sales,Research Director,Technical Degree,3,2,3870,2,No
EMP10027,46,Female,Marketing,Human Resources,Human Resources,3,1,2000,2,No
EMP10028,35,Female,Marketing,Manager,Marketing,5,0,7933,5,No
EMP10029,32,Male,Sales,Manager,Life Sciences,2,2,5435,5,No
EMP10030,44,Male,Sales,Sales Executive,Other,4,1,4194,1,No
EMP10031,46,Female,Sales,Manufacturing Director,Medical,4,3,10976,4,No
EMP10032,27,Male,Finance,Research Director,Other,2,0,11619,4,No
EMP10033,41,Male,Sales,Sales Representative,Medical,3,1,5503,4,No
EMP10034,26,Male,Human Resources,Research Scientist,Life Sciences,3,4,8761,4,No
EMP10035,33,Male,Sales,Manufacturing Director,Technical Degree,3,0,3843,4,Yes
EMP10036,41,Male,Research & Development,Manufacturing Director,Life Sciences,2,6,11191,4,No
EMP10037,55,Male,Sales,Human Resources,Life Sciences,3,9,6782,1,No
EMP10038,37,Male,Sales,Research Director,Marketing,4,1,10498,2,No
EMP10039,28,Male,Sales,Sales Executive,Marketing,4,0,10151,3,No
EMP10040,37,Female,Research & Development,Human Resources,Human Resources,2,0,7024,4,Yes
EMP10041,25,Female,Sales,Sales Executive,Technical Degree,4,1,10575,5,Yes
EMP10042,27,Female,Sales,Research Director,Technical Degree,4,1,8909,5,Yes
EMP10043,45,Male,IT,Research Scientist,Technical Degree,3,3,9621,1,No
EMP10044,33,Male,Research & Development,Manufacturing Director,Technical Degree,2,1,9236,5,Yes
EMP10045,33,Male,Research & Development,Human Resources,Medical,4,2,8313,3,No
EMP10046,32,Female,Sales,Sales Representative,Other,5,0,3610,3,No
EMP10047,42,Male,Sales,Research Scientist,Life Sciences,3,0,6088,5,No
EMP10048,33,Female,Sales,Manager,Life Sciences,4,0,6127,2,No
EMP10049,40,Male,Research & Development,Human Resources,Human Resources,3,1,8931,3,No
EMP10050,31,Male,Human Resources,Human Resources,Medical,4,0,8630,1,No
EMP10051,35,Male,Research & Development,Research Scientist,Human Resources,4,0,11788,5,Yes
EMP10052,35,Female,Human Resources,Manager,Other,2,8,9917,3,No
EMP10053,43,Female,IT,Sales Executive,Life Sciences,2,1,10746,4,No
EMP10054,39,Male,Sales,Laboratory Technician,Human Resources,4,8,7371,3,No
EMP10055,41,Female,Research & Development,Sales Representative,Technical Degree,4,4,6921,1,No
EMP10056,42,Male,Research & Development,Manager,Technical Degree,4,8,3842,5,No
EMP10057,22,Male,Sales,Manager,Life Sciences,3,0,3932,3,Yes
EMP10058,53,Male,Human Resources,Manager,Technical Degree,1,1,5356,4,No
EMP10059,35,Male,IT,Manufacturing Director,Other,2,2,5695,2,No
EMP10060,29,Male,Sales,Manager,Marketing,4,3,13967,2,No
EMP10061,49,Male,Research & Development,Sales Executive,Marketing,4,14,10386,2,No
EMP10062,20,Female,Research & Development,Manufacturing Director,Other,3,6,5766,1,No
EMP10063,21,Female,Research & Development,Research Scientist,Medical,2,0,11483,3,No
EMP10064,31,Female,Human Resources,Human Resources,Medical,2,3,9636,1,Yes
EMP10065,45,Female,Sales,Healthcare Representative,Life Sciences,3,3,11754,1,No
EMP10066,22,Female,Finance,Manager,Marketing,3,1,5887,5,No
EMP10067,49,Male,Research & Development,Manufacturing Director,Medical,3,2,3902,1,No
EMP10068,32,Male,Research & Development,Human Resources,Human Resources,2,2,11329,2,No
EMP10069,45,Male,Marketing,Manager,Technical Degree,3,3,5403,3,No
EMP10070,44,Male,Finance,Healthcare Representative,Technical Degree,3,4,6292,3,No
EMP10071,35,Female,Research & Development,Healthcare Representative,Technical Degree,4,3,7178,2,No
EMP10072,47,Female,Human Resources,Laboratory Technician,Technical Degree,2,2,8760,5,Yes
EMP10073,35,Male,Research & Development,Manufacturing Director,Marketing,3,9,7074,5,No
EMP10074,37,Female,Research & Development,Research Director,Human Resources,2,0,9154,2,No
EMP10075,31,Male,Human Resources,Healthcare Representative,Technical Degree,2,4,5833,5,No
EMP10076,42,Male,Human Resources,Manufacturing Director,Other,3,5,5110,2,Yes
EMP10077,42,Male,Marketing,Research Scientist,Marketing,4,6,4969,4,No
EMP10078,34,Male,Finance,Sales Representative,Marketing,3,1,4592,4,No
EMP10079,44,Male,IT,Research Scientist,Marketing,5,5,5681,2,No
EMP10080,45,Female,Sales,Manufacturing Director,Life Sciences,3,1,5882,4,Yes
EMP10081,41,Female,Human Resources,Human Resources,Technical Degree,3,11,5760,3,No
EMP10082,35,Female,Human Resources,Human Resources,Marketing,4,3,2000,5,No
EMP10083,31,Male,Finance,Research Director,Marketing,4,5,3410,3,No
EMP10084,39,Female,IT,Human Resources,Marketing,4,0,4402,2,No
EMP10085,34,Male,Finance,Manufacturing Director,Medical,1,8,12611,3,No
EMP10086,28,Male,Sales,Manufacturing Director,Marketing,3,0,8341,2,No
EMP10087,45,Male,Research & Development,Manager,Technical Degree,3,6,7711,4,No
EMP10088,31,Male,IT,Sales Representative,Technical Degree,3,0,9963,1,No
EMP10089,31,Female,Research & Development,Manager,Medical,2,0,10580,4,No
EMP10090,37,Female,Research & Development,Human Resources,Technical Degree,4,2,5793,2,No
EMP10091,34,Female,Research & Development,Sales Executive,Marketing,2,0,6355,3,No
EMP10092,37,Female,Finance,Research Director,Other,2,5,8478,5,No
EMP10093,35,Female,Research & Development,Sales Executive,Life Sciences,2,8,4767,4,Yes
EMP10094,36,Female,Sales,Healthcare Representative,Marketing,3,0,7920,3,Yes
EMP10095,35,Female,Research & Development,Sales Representative,Medical,5,4,8118,4,No
EMP10096,52,Male,Research & Development,Human Resources,Life Sciences,2,3,6467,3,Yes
EMP10097,42,Male,IT,Sales Executive,Life Sciences,2,0,8852,2,Yes
EMP10098,20,Male,Human Resources,Manufacturing Director,Other,2,3,2000,4,No
EMP10099,37,Male,Research & Development,Healthcare Representative,Medical,4,0,9411,2,No
EMP10100,24,Male,IT,Laboratory Technician,Medical,5,10,7279,1,No
EMP10101,32,Female,Research & Development,Sales Representative,Marketing,3,1,3307,2,Yes
EMP10102,34,Male,Sales,Healthcare Representative,Human Resources,4,2,6374,5,No
EMP10103,34,Male,Research & Development,Sales Representative,Human Resources,3,32,10607,3,Yes
EMP10104,35,Female,Sales,Sales Representative,Marketing,3,5,6060,1,No
EMP10105,22,Female,Human Resources,Research Director,Human Resources,2,4,8506,2,No
EMP10106,22,Female,Human Resources,Human Resources,Marketing,4,0,7227,4,No
EMP10107,51,Female,Research & Development,Manufacturing Director,Life Sciences,3,7,11853,3,No
EMP10108,51,Male,IT,Sales Representative,Medical,5,8,4238,1,No
EMP10109,32,Female,Sales,Manufacturing Director,Medical,4,0,9133,3,No
EMP10110,43,Female,Research & Development,Human Resources,Other,1,1,9258,1,Yes
EMP10111,33,Female,Research & Development,Manufacturing Director,Human Resources,3,6,2000,4,No
EMP10112,48,Female,Research & Development,Sales Executive,Life Sciences,2,7,7155,3,Yes
EMP10113,41,Male,Research & Development,Manager,Marketing,3,15,3005,5,No
EMP10114,20,Female,Marketing,Human Resources,Medical,3,4,6531,3,No
EMP10115,34,Female,Research & Development,Manufacturing Director,Life Sciences,2,1,8063,2,Yes
EMP10116,34,Male,Sales,Research Director,Medical,4,4,5559,5,No
EMP10117,31,Female,Marketing,Manufacturing Director,Medical,2,0,4822,2,No
EMP10118,34,Female,Sales,Human Resources,Other,2,0,6672,3,Yes
EMP10119,20,Male,Research & Development,Laboratory Technician,Human Resources,3,6,7226,4,Yes
EMP10120,29,Male,Research & Development,Research Director,Marketing,3,8,9854,4,No
EMP10121,30,Male,Research & Development,Research Director,Life Sciences,2,0,8238,1,No
EMP10122,32,Male,Research & Development,Sales Executive,Other,1,3,4920,2,No
EMP10123,20,Female,Sales,Manufacturing Director,Life Sciences,4,9,4436,5,No
EMP10124,59,Male,IT,Sales Representative,Marketing,4,0,11071,4,No
EMP10125,20,Female,Research & Development,Sales Executive,Technical Degree,2,1,3886,1,No
EMP10126,29,Male,Human Resources,Healthcare Representative,Human Resources,2,0,7154,1,Yes
EMP10127,42,Male,Research & Development,Laboratory Technician,Life Sciences,4,2,8660,4,No
EMP10128,35,Female,Research & Development,Manufacturing Director,Medical,2,3,5478,3,No
EMP10129,47,Female,Sales,Manufacturing Director,Medical,3,1,4594,5,No
EMP10130,42,Male,Research & Development,Human Resources,Other,5,1,6683,2,No
EMP10131,36,Male,Sales,Laboratory Technician,Medical,3,0,5784,5,No
EMP10132,29,Female,Research & Development,Research Director,Human Resources,3,0,4014,3,No
EMP10133,30,Female,Research & Development,Research Director,Marketing,1,16,10153,1,No
EMP10134,33,Female,Finance,Healthcare Representative,Life Sciences,2,13,8511,1,Yes
EMP10135,37,Male,Marketing,Healthcare Representative,Technical Degree,2,4,5302,1,No
EMP10136,35,Male,Research & Development,Research Director,Medical,4,3,9599,2,No
EMP10137,28,Female,Human Resources,Research Director,Life Sciences,2,2,3693,4,Yes
EMP10138,21,Female,Research & Development,Research Scientist,Other,3,0,2000,3,No
EMP10139,41,Female,Research & Development,Sales Representative,Technical Degree,2,2,7503,1,No
EMP10140,29,Female,Research & Development,Research Scientist,Marketing,3,1,4794,5,No
EMP10141,41,Male,Human Resources,Human Resources,Marketing,4,3,9114,4,Yes
EMP10142,20,Female,Human Resources,Research Director,Human Resources,2,1,7109,4,No
EMP10143,35,Male,Research & Development,Laboratory Technician,Medical,3,7,11940,4,No
EMP10144,37,Female,Sales,Manufacturing Director,Human Resources,3,0,5544,2,No
EMP10145,32,Male,Research & Development,Research Scientist,Other,4,2,9804,1,No
EMP10146,41,Male,Human Resources,Laboratory Technician,Marketing,3,1,5849,3,No
EMP10147,45,Female,Research & Development,Research Director,Marketing,2,1,2000,2,No
EMP10148,35,Male,Research & Development,Human Resources,Human Resources,5,1,5882,2,No
EMP10149,41,Female,IT,Sales Representative,Medical,4,3,7086,5,No
EMP10150,23,Male,Research & Development,Healthcare Representative,Technical Degree,4,0,8028,5,No
EMP10151,44,Female,IT,Research Director,Technical Degree,4,6,7346,4,No
EMP10152,31,Female,Research & Development,Manager,Other,2,1,11129,2,No
EMP10153,38,Male,IT,Sales Representative,Life Sciences,3,6,9587,3,No
EMP10154,32,Female,Research & Development,Laboratory Technician,Marketing,2,6,5817,1,Yes
EMP10155,30,Female,IT,Research Director,Life Sciences,4,4,9820,5,No
EMP10156,38,Male,Finance,Sales Representative,Human Resources,5,1,3424,2,Yes
EMP10157,30,Female,Research & Development,Sales Representative,Human Resources,3,2,9206,1,No
EMP10158,40,Female,Marketing,Research Director,Technical Degree,3,0,7041,1,No
EMP10159,56,Male,Human Resources,Healthcare Representative,Other,3,8,7440,1,No
EMP10160,35,Male,IT,Research Scientist,Marketing,4,4,7550,2,No
EMP10161,38,Male,Sales,Sales Executive,Medical,3,3,3380,3,No
EMP10162,47,Male,Sales,Sales Representative,Technical Degree,2,10,7229,2,Yes
EMP10163,41,Male,Human Resources,Sales Representative,Technical Degree,5,2,8271,2,No
EMP10164,33,Male,Sales,Healthcare Representative,Marketing,3,6,9656,3,No
EMP10165,20,Female,IT,Human Resources,Other,3,1,8484,1,No
EMP10166,32,Female,Marketing,Healthcare Representative,Human Resources,5,1,3223,4,No
EMP10167,33,Female,IT,Manufacturing Director,Marketing,3,2,2742,4,Yes
EMP10168,33,Female,Research & Development,Healthcare Representative,Human Resources,4,3,3748,3,Yes
EMP10169,39,Female,Research & Development,Sales Executive,Technical Degree,2,23,8306,4,No
EMP10170,55,Female,IT,Manufacturing Director,Technical Degree,3,0,4152,3,No
EMP10171,40,Male,Human Resources,Laboratory Technician,Human Resources,3,0,6965,1,No
EMP10172,34,Male,Research & Development,Research Director,Life Sciences,2,3,10965,5,No
EMP10173,20,Male,Sales,Healthcare Representative,Medical,1,3,3078,4,Yes
EMP10174,32,Male,IT,Manager,Technical Degree,3,7,6750,5,No
EMP10175,39,Male,Research & Development,Research Director,Medical,4,2,2720,3,No
EMP10176,42,Female,Marketing,Laboratory Technician,Other,4,0,4386,4,No
EMP10177,29,Female,Sales,Sales Representative,Life Sciences,3,0,6108,3,No
EMP10178,25,Female,Research & Development,Healthcare Representative,Technical Degree,4,0,8941,4,No
EMP10179,27,Female,Sales,Manufacturing Director,Marketing,3,2,7458,1,No
EMP10180,26,Female,IT,Manufacturing Director,Human Resources,4,1,2000,1,No
EMP10181,49,Female,IT,Healthcare Representative,Human Resources,2,1,4151,4,Yes
EMP10182,22,Male,Marketing,Healthcare Representative,Marketing,4,3,10540,1,Yes
EMP10183,20,Male,Research & Development,Manager,Human Resources,1,11,5965,5,No
EMP10184,30,Male,IT,Research Scientist,Marketing,3,8,10215,5,No
EMP10185,34,Female,Sales,Manager,Other,3,0,10538,4,No
EMP10186,37,Male,IT,Research Scientist,Human Resources,1,4,5031,3,No
EMP10187,31,Female,Sales,Healthcare Representative,Other,2,1,6902,1,No
EMP10188,36,Female,Sales,Manufacturing Director,Human Resources,2,1,12616,5,No
EMP10189,40,Male,IT,Manufacturing Director,Other,3,0,8080,5,No
EMP10190,37,Male,Research & Development,Manufacturing Director,Medical,4,3,3788,2,No
EMP10191,39,Male,Research & Development,Laboratory Technician,Other,3,1,9019,5,No
EMP10192,30,Male,Sales,Sales Executive,Other,3,0,5455,1,No
EMP10193,36,Male,Research & Development,Sales Executive,Other,2,1,8343,3,Yes
EMP10194,27,Female,Research & Development,Research Scientist,Marketing,2,5,8721,4,No
EMP10195,20,Male,Research & Development,Manufacturing Director,Technical Degree,5,11,6686,1,No
EMP10196,28,Female,Research & Development,Sales Executive,Life Sciences,4,0,8322,4,No
EMP10197,22,Female,Finance,Research Director,Human Resources,3,3,4823,4,Yes
EMP10198,44,Male,Research & Development,Laboratory Technician,Life Sciences,2,0,7039,2,Yes
EMP10199,32,Female,Research & Development,Human Resources,Medical,5,2,6558,4,No
EMP10200,40,Female,Sales,Research Scientist,Human Resources,2,6,3836,5,No
EMP10201,42,Male,Research & Development,Manufacturing Director,Marketing,1,0,9932,3,No
EMP10202,34,Female,Research & Development,Research Scientist,Medical,4,0,9693,4,No
EMP10203,35,Female,Research & Development,Laboratory Technician,Human Resources,4,4,8755,4,No
EMP10204,41,Male,Sales,Research Scientist,Human Resources,3,1,2020,3,No
EMP10205,34,Male,Research & Development,Human Resources,Technical Degree,4,0,6901,3,No
EMP10206,26,Female,Research & Development,Sales Representative,Human Resources,4,10,10887,1,No
EMP10207,34,Female,Research & Development,Human Resources,Other,3,7,9859,2,No
EMP10208,35,Male,IT,Manager,Technical Degree,3,1,3472,3,Yes
EMP10209,45,Female,Research & Development,Sales Representative,Technical Degree,3,1,7004,5,No
EMP10210,46,Male,Human Resources,Healthcare Representative,Life Sciences,3,1,9203,2,No
EMP10211,37,Female,IT,Manager,Life Sciences,2,0,8256,2,No
EMP10212,35,Female,Sales,Sales Executive,Life Sciences,4,11,11269,5,No
EMP10213,29,Female,Research & Development,Laboratory Technician,Medical,2,3,2000,3,No
EMP10214,31,Male,IT,Laboratory Technician,Other,4,2,4082,5,Yes
EMP10215,41,Male,Research & Development,Sales Representative,Marketing,3,1,4185,5,No
EMP10216,26,Female,Sales,Human Resources,Life Sciences,2,0,2000,3,Yes
EMP10217,25,Female,Human Resources,Research Director,Technical Degree,2,11,9647,3,Yes
EMP10218,42,Female,Marketing,Sales Executive,Life Sciences,3,11,14529,2,No
EMP10219,29,Male,IT,Healthcare Representative,Medical,4,2,11563,3,Yes
EMP10220,29,Female,Finance,Laboratory Technician,Other,2,0,8166,4,No
EMP10221,30,Male,Research & Development,Manager,Life Sciences,3,13,7295,4,No
EMP10222,46,Male,Research & Development,Research Director,Life Sciences,2,4,7930,3,No
EMP10223,31,Female,Finance,Sales Representative,Medical,2,3,4689,1,No
EMP10224,47,Female,Sales,Research Director,Human Resources,5,0,5412,3,Yes
EMP10225,39,Male,Sales,Sales Representative,Technical Degree,4,3,10050,1,No
EMP10226,33,Female,Finance,Manufacturing Director,Medical,2,1,9252,2,Yes
EMP10227,27,Male,Research & Development,Manufacturing Director,Medical,2,0,6475,3,No
EMP10228,30,Male,Sales,Laboratory Technician,Medical,3,7,2000,2,No
EMP10229,28,Male,IT,Research Scientist,Other,4,1,7629,4,No
EMP10230,40,Female,Finance,Manager,Human Resources,5,1,7320,3,Yes
EMP10231,37,Male,Research & Development,Healthcare Representative,Medical,4,8,8565,5,Yes
EMP10232,41,Male,Research & Development,Research Director,Life Sciences,4,4,9925,1,No
EMP10233,47,Female,Sales,Research Scientist,Technical Degree,2,8,8741,5,No
EMP10234,33,Female,Research & Development,Sales Executive,Marketing,3,1,4531,5,No
EMP10235,38,Female,Human Resources,Human Resources,Other,3,2,7901,1,No
EMP10236,36,Female,Marketing,Research Scientist,Technical Degree,3,3,9059,2,Yes
EMP10237,24,Female,Marketing,Human Resources,Technical Degree,4,0,7140,5,Yes
EMP10238,36,Female,IT,Sales Representative,Marketing,5,13,11426,3,No
EMP10239,23,Male,IT,Manager,Life Sciences,3,0,7725,3,Yes
EMP10240,43,Female,Research & Development,Laboratory Technician,Medical,2,0,2000,1,No
EMP10241,42,Male,IT,Healthcare Representative,Human Resources,3,8,7683,4,No
EMP10242,30,Male,Research & Development,Sales Representative,Human Resources,3,5,6606,3,No
EMP10243,20,Male,Human Resources,Sales Representative,Technical Degree,4,2,9940,3,Yes
EMP10244,23,Female,Sales,Manufacturing Director,Medical,1,0,8445,4,Yes
EMP10245,42,Male,Sales,Healthcare Representative,Life Sciences,4,1,10531,5,No
EMP10246,40,Male,Human Resources,Laboratory Technician,Technical Degree,3,2,3018,4,Yes
EMP10247,48,Male,IT,Laboratory Technician,Human Resources,4,1,5980,4,Yes
EMP10248,24,Female,Human Resources,Manufacturing Director,Marketing,4,7,8716,5,No
EMP10249,34,Female,Sales,Manufacturing Director,Medical,3,5,6309,4,No
EMP10250,39,Male,Research & Development,Research Director,Marketing,3,5,4166,3,No
EMP10251,37,Female,Marketing,Manufacturing Director,Technical Degree,4,2,8174,2,No
EMP10252,29,Male,Human Resources,Manager,Technical Degree,5,0,4277,1,No
EMP10253,34,Male,Research & Development,Laboratory Technician,Medical,1,6,8794,4,No
EMP10254,31,Male,IT,Research Scientist,Other,1,0,5980,4,No
EMP10255,29,Male,Research & Development,Sales Representative,Technical Degree,5,1,5112,3,No
EMP10256,41,Male,Research & Development,Sales Executive,Medical,3,6,7027,1,No
EMP10257,30,Female,IT,Laboratory Technician,Life Sciences,3,17,6990,3,No
EMP10258,34,Female,Finance,Laboratory Technician,Human Resources,2,3,8374,4,No
EMP10259,49,Male,IT,Sales Executive,Medical,2,1,6712,2,No
EMP10260,26,Female,Sales,Healthcare Representative,Other,3,3,9766,3,Yes
EMP10261,39,Male,Research & Development,Research Director,Life Sciences,3,0,5165,1,No
EMP10262,46,Female,Research & Development,Sales Executive,Human Resources,4,0,11935,5,No
EMP10263,37,Male,Research & Development,Sales Executive,Technical Degree,3,6,9144,3,No
EMP10264,43,Female,Sales,Research Scientist,Technical Degree,2,0,6843,3,Yes
EMP10265,42,Male,Research & Development,Research Director,Life Sciences,3,4,10851,4,No
EMP10266,48,Female,Finance,Manager,Life Sciences,3,0,3405,3,No
EMP10267,30,Male,IT,Manager,Other,4,2,10087,1,No
EMP10268,48,Female,IT,Laboratory Technician,Human Resources,3,1,3216,4,No
EMP10269,39,Female,Human Resources,Laboratory Technician,Life Sciences,2,0,7134,4,Yes
EMP10270,32,Male,Sales,Manufacturing Director,Life Sciences,1,8,10098,3,No
EMP10271,41,Female,Marketing,Human Resources,Marketing,1,1,3895,3,Yes
EMP10272,36,Male,Research & Development,Sales Executive,Human Resources,4,2,6383,3,No
EMP10273,49,Female,Research & Development,Sales Representative,Human Resources,1,3,5081,4,No
EMP10274,46,Female,Research & Development,Laboratory Technician,Marketing,4,5,8204,4,No
EMP10275,29,Female,IT,Sales Representative,Life Sciences,3,2,5825,4,No
EMP10276,39,Male,Research & Development,Manager,Life Sciences,3,2,2000,1,No
EMP10277,36,Female,Research & Development,Sales Representative,Other,2,1,7557,4,No
EMP10278,24,Male,Finance,Manager,Technical Degree,4,5,2332,4,No
EMP10279,32,Male,Sales,Sales Representative,Medical,1,7,7962,5,No
EMP10280,22,Male,Marketing,Laboratory Technician,Technical Degree,3,3,4284,4,Yes
EMP10281,39,Male,Sales,Manager,Medical,4,2,10367,4,No
EMP10282,38,Male,Human Resources,Research Director,Medical,3,3,5890,3,No
EMP10283,38,Male,Research & Development,Human Resources,Medical,3,0,4847,4,No
EMP10284,40,Female,Sales,Research Scientist,Life Sciences,3,0,6107,2,No
EMP10285,26,Female,IT,Research Scientist,Medical,3,2,8045,3,No
EMP10286,42,Male,Marketing,Healthcare Representative,Human Resources,3,2,2000,4,No
EMP10287,58,Male,IT,Research Director,Other,2,0,7710,4,No
EMP10288,43,Female,Human Resources,Research Scientist,Technical Degree,2,0,7329,5,Yes
EMP10289,29,Female,IT,Laboratory Technician,Medical,4,0,6008,5,No
EMP10290,41,Male,IT,Manufacturing Director,Marketing,3,11,7507,1,No
EMP10291,51,Female,Research & Development,Human Resources,Other,4,3,7722,5,No
EMP10292,43,Male,Research & Development,Research Director,Technical Degree,4,0,3231,4,No
EMP10293,48,Male,Sales,Manager,Human Resources,2,4,7789,1,No
EMP10294,34,Female,Sales,Human Resources,Human Resources,3,8,8321,5,No
EMP10295,46,Male,Research & Development,Sales Executive,Life Sciences,4,2,7766,5,Yes
EMP10296,44,Male,Sales,Manufacturing Director,Medical,2,6,9264,5,No
EMP10297,40,Male,Research & Development,Human Resources,Medical,4,0,5715,2,No
EMP10298,33,Male,Research & Development,Laboratory Technician,Technical Degree,3,1,2765,5,Yes
EMP10299,21,Female,IT,Sales Executive,Life Sciences,2,2,11357,1,Yes
EMP10300,29,Female,Human Resources,Sales Representative,Technical Degree,2,1,7109,1,No
EMP10301,29,Female,Human Resources,Healthcare Representative,Marketing,4,2,11301,2,No
EMP10302,42,Female,Research & Development,Research Scientist,Human Resources,3,2,5337,1,Yes
EMP10303,34,Female,Research & Development,Manufacturing Director,Medical,2,2,2101,5,Yes
EMP10304,43,Female,Finance,Manager,Marketing,5,3,8839,2,No
EMP10305,39,Male,Research & Development,Research Director,Life Sciences,3,10,8676,3,No
EMP10306,28,Male,Sales,Healthcare Representative,Marketing,3,2,4088,5,No
EMP10307,27,Male,IT,Manager,Other,4,3,4947,2,No
EMP10308,42,Female,Research & Development,Healthcare Representative,Marketing,1,5,5190,1,Yes
EMP10309,22,Female,Research & Development,Manufacturing Director,Other,3,4,6422,5,No
EMP10310,35,Male,Research & Development,Research Director,Medical,2,4,7381,5,Yes
EMP10311,27,Male,Research & Development,Healthcare Representative,Human Resources,4,3,6574,3,No
EMP10312,36,Female,Sales,Sales Executive,Technical Degree,3,12,11318,5,No
EMP10313,38,Female,Sales,Human Resources,Marketing,3,0,7703,5,No
EMP10314,23,Male,Sales,Research Scientist,Marketing,5,7,6374,3,No
EMP10315,41,Female,Research & Development,Manager,Other,4,1,4497,2,No
EMP10316,32,Female,Research & Development,Sales Executive,Life Sciences,4,4,7618,2,No
EMP10317,28,Female,Research & Development,Laboratory Technician,Technical Degree,5,0,2786,5,Yes
EMP10318,40,Female,Sales,Healthcare Representative,Technical Degree,3,0,10173,3,No
EMP10319,47,Female,Finance,Healthcare Representative,Marketing,1,1,7403,1,No
EMP10320,34,Male,Marketing,Healthcare Representative,Human Resources,5,17,9443,1,No
EMP10321,28,Female,Marketing,Manufacturing Director,Human Resources,2,5,2000,1,No
EMP10322,39,Male,Research & Development,Sales Representative,Other,5,1,3297,2,Yes
EMP10323,29,Male,Sales,Research Director,Medical,2,2,6107,4,Yes
EMP10324,36,Male,Research & Development,Research Director,Human Resources,1,8,8687,1,No
EMP10325,51,Male,Research & Development,Research Director,Technical Degree,2,4,3199,4,No
EMP10326,48,Male,Research & Development,Human Resources,Medical,3,2,6989,5,No
EMP10327,29,Female,Human Resources,Manufacturing Director,Other,2,3,8688,3,No
EMP10328,34,Male,Marketing,Healthcare Representative,Medical,2,5,10942,2,No
EMP10329,25,Female,Research & Development,Manager,Technical Degree,2,0,2278,3,Yes
EMP10330,44,Female,IT,Sales Representative,Medical,3,2,4452,2,No
EMP10331,36,Female,Marketing,Research Scientist,Medical,2,6,8185,4,No
EMP10332,40,Female,Sales,Human Resources,Medical,4,0,3288,5,No
EMP10333,27,Male,Sales,Manufacturing Director,Other,2,11,6883,1,No
EMP10334,20,Male,Human Resources,Sales Executive,Life Sciences,4,2,13167,4,No
EMP10335,25,Female,Sales,Laboratory Technician,Life Sciences,4,2,6793,5,No
EMP10336,35,Male,Research & Development,Research Director,Marketing,3,1,8305,2,No
EMP10337,39,Female,Research & Development,Sales Executive,Life Sciences,2,2,5990,5,Yes
EMP10338,39,Male,IT,Laboratory Technician,Marketing,2,1,6751,2,No
EMP10339,36,Male,Marketing,Sales Representative,Marketing,3,7,7792,2,No
EMP10340,34,Female,IT,Sales Executive,Medical,4,3,4848,5,No
EMP10341,39,Female,Research & Development,Human Resources,Technical Degree,1,0,6691,4,No
EMP10342,30,Male,IT,Research Director,Medical,3,0,8023,2,No
EMP10343,35,Female,Sales,Research Director,Human Resources,1,2,4760,3,No
EMP10344,27,Male,Finance,Healthcare Representative,Technical Degree,3,4,8520,2,No
EMP10345,24,Female,IT,Human Resources,Medical,2,0,7751,1,Yes
EMP10346,33,Male,Sales,Laboratory Technician,Marketing,4,0,4809,3,No
EMP10347,31,Male,Research & Development,Manufacturing Director,Marketing,3,0,4379,3,No
EMP10348,31,Female,Research & Development,Sales Executive,Medical,3,2,2097,3,No
EMP10349,42,Male,Human Resources,Research Director,Medical,3,2,13566,2,No
EMP10350,24,Female,Finance,Healthcare Representative,Medical,3,1,10223,5,No
EMP10351,32,Male,Research & Development,Research Director,Human Resources,4,0,8786,5,No
EMP10352,30,Female,IT,Manufacturing Director,Other,1,0,9089,5,No
EMP10353,28,Male,Research & Development,Human Resources,Human Resources,3,0,3144,3,Yes
EMP10354,34,Male,Sales,Human Resources,Technical Degree,4,0,2000,2,No
EMP10355,51,Male,Sales,Human Resources,Marketing,2,1,6479,1,No
EMP10356,33,Female,Sales,Human Resources,Marketing,5,1,3975,1,No
EMP10357,20,Female,Research & Development,Sales Executive,Technical Degree,3,12,8321,4,No
EMP10358,29,Female,Finance,Sales Representative,Medical,4,4,2102,1,No
EMP10359,31,Male,Sales,Manager,Human Resources,3,4,9664,1,No
EMP10360,40,Male,Marketing,Research Scientist,Marketing,3,4,4978,1,No
EMP10361,36,Male,IT,Sales Representative,Medical,2,5,7188,4,No
EMP10362,51,Female,Research & Development,Human Resources,Other,3,0,7210,3,Yes
EMP10363,31,Female,Research & Development,Manufacturing Director,Life Sciences,2,1,10496,1,No
EMP10364,44,Female,Human Resources,Human Resources,Marketing,2,4,5545,5,No
EMP10365,31,Male,Sales,Manager,Other,3,5,4876,3,No
EMP10366,42,Male,Sales,Sales Representative,Technical Degree,2,3,3042,1,Yes
EMP10367,30,Male,Sales,Sales Executive,Marketing,3,5,4223,5,No
EMP10368,38,Male,Sales,Sales Executive,Marketing,5,0,10866,4,No
EMP10369,49,Male,IT,Sales Executive,Other,4,4,8680,5,No
EMP10370,32,Male,IT,Manager,Technical Degree,2,10,5715,5,No
EMP10371,24,Female,Sales,Laboratory Technician,Human Resources,1,3,2000,5,Yes
EMP10372,33,Female,Research & Development,Human Resources,Technical Degree,3,8,3278,2,No
EMP10373,42,Female,Research & Development,Sales Executive,Medical,3,7,7997,4,No
EMP10374,33,Female,Finance,Sales Representative,Other,3,5,10641,3,No
EMP10375,33,Female,Sales,Manufacturing Director,Medical,4,4,9103,2,No
EMP10376,36,Male,Research & Development,Sales Representative,Technical Degree,2,16,7816,5,Yes
EMP10377,34,Male,Research & Development,Manager,Human Resources,4,0,8233,1,No
EMP10378,44,Female,Sales,Manufacturing Director,Life Sciences,3,5,13901,3,No
EMP10379,43,Male,IT,Manufacturing Director,Technical Degree,1,3,7035,5,Yes
EMP10380,41,Male,IT,Manager,Medical,3,4,5032,1,No
EMP10381,38,Male,Marketing,Research Scientist,Human Resources,3,1,6541,4,No
EMP10382,33,Male,Research & Development,Manufacturing Director,Technical Degree,2,6,7881,3,No
EMP10383,23,Female,Research & Development,Manager,Medical,4,0,10839,3,No
EMP10384,44,Female,Research & Development,Research Director,Medical,2,3,2450,2,No
EMP10385,26,Female,Sales,Manufacturing Director,Human Resources,3,8,4838,2,Yes
EMP10386,48,Female,Research & Development,Manufacturing Director,Medical,3,8,2203,2,No
EMP10387,46,Male,Research & Development,Manager,Medical,5,0,4247,4,No
EMP10388,22,Female,Research & Development,Manager,Other,4,6,7643,2,No
EMP10389,28,Female,Sales,Human Resources,Human Resources,5,0,5611,1,No
EMP10390,47,Male,Marketing,Sales Executive,Life Sciences,5,3,11692,4,No
EMP10391,42,Male,Sales,Laboratory Technician,Life Sciences,2,6,9583,2,No
EMP10392,28,Female,Sales,Research Director,Human Resources,3,0,9847,4,Yes
EMP10393,29,Female,Sales,Human Resources,Human Resources,4,2,8746,3,No
EMP10394,25,Female,Sales,Sales Representative,Other,3,1,4070,1,No
EMP10395,33,Male,Sales,Human Resources,Medical,3,5,2903,3,No
EMP10396,26,Female,Sales,Sales Representative,Marketing,5,4,5851,5,No
EMP10397,37,Male,Research & Development,Research Scientist,Human Resources,4,1,5687,1,Yes
EMP10398,50,Female,Research & Development,Research Director,Life Sciences,5,0,2267,1,No
EMP10399,25,Male,Research & Development,Sales Representative,Human Resources,2,2,9014,3,No
EMP10400,37,Male,IT,Sales Executive,Other,3,1,9698,2,No
EMP10401,33,Female,Research & Development,Research Scientist,Human Resources,3,6,8305,3,No
EMP10402,25,Male,Sales,Manager,Life Sciences,1,0,7117,2,No
EMP10403,31,Female,IT,Healthcare Representative,Other,1,5,6517,5,No
EMP10404,30,Female,Human Resources,Human Resources,Medical,3,3,7985,4,No
EMP10405,30,Male,IT,Research Scientist,Technical Degree,3,0,6864,3,Yes
EMP10406,34,Female,Sales,Research Scientist,Medical,3,1,7665,5,No
EMP10407,33,Female,Marketing,Manager,Life Sciences,2,5,4231,3,No
EMP10408,46,Female,Research & Development,Manager,Technical Degree,3,0,4921,4,No
EMP10409,34,Female,Sales,Healthcare Representative,Other,3,2,3306,1,Yes
EMP10410,40,Male,Research & Development,Laboratory Technician,Human Resources,3,0,7241,4,No
EMP10411,35,Male,Sales,Healthcare Representative,Marketing,4,0,6790,3,No
EMP10412,22,Male,Sales,Laboratory Technician,Marketing,2,5,3668,4,No
EMP10413,39,Female,Sales,Research Scientist,Medical,2,14,15144,5,Yes
EMP10414,22,Female,IT,Sales Executive,Medical,4,0,5219,4,No
EMP10415,30,Male,Finance,Human Resources,Other,4,3,5451,5,No
EMP10416,26,Female,Sales,Healthcare Representative,Medical,3,7,6313,3,No
EMP10417,36,Male,Sales,Healthcare Representative,Marketing,3,0,11934,3,No
EMP10418,26,Male,Research & Development,Manufacturing Director,Human Resources,1,0,5154,4,No
EMP10419,51,Male,Research & Development,Laboratory Technician,Medical,5,3,3696,1,No
EMP10420,35,Female,IT,Sales Representative,Medical,2,6,5158,4,No
EMP10421,34,Male,Research & Development,Manufacturing Director,Marketing,2,1,8407,3,Yes
EMP10422,31,Female,Marketing,Healthcare Representative,Human Resources,2,5,2661,4,No
EMP10423,35,Male,Research & Development,Healthcare Representative,Marketing,3,2,8234,3,Yes
EMP10424,42,Male,Research & Development,Human Resources,Other,3,3,3879,5,Yes
EMP10425,34,Female,Marketing,Manufacturing Director,Marketing,4,1,8116,3,No
EMP10426,35,Male,IT,Sales Representative,Human Resources,2,1,7687,4,Yes
EMP10427,45,Female,Sales,Laboratory Technician,Human Resources,4,2,8310,4,No
EMP10428,35,Male,Research & Development,Research Director,Technical Degree,4,0,9447,4,No
EMP10429,40,Female,Research & Development,Manager,Human Resources,4,9,6116,5,No
EMP10430,32,Male,Sales,Manufacturing Director,Human Resources,3,0,7393,3,Yes
EMP10431,41,Male,Research & Development,Sales Representative,Medical,3,3,3310,4,No
EMP10432,35,Male,Research & Development,Human Resources,Human Resources,4,13,8595,5,No
EMP10433,34,Male,Research & Development,Sales Representative,Marketing,4,0,10797,5,No
EMP10434,33,Male,Research & Development,Sales Executive,Marketing,4,0,6598,1,No
EMP10435,32,Male,Sales,Laboratory Technician,Medical,5,8,7971,3,No
EMP10436,36,Male,Research & Development,Manager,Marketing,3,0,7312,1,No
EMP10437,37,Female,Research & Development,Healthcare Representative,Life Sciences,5,1,7652,1,Yes
EMP10438,45,Female,Human Resources,Laboratory Technician,Human Resources,3,2,6426,2,No
EMP10439,20,Male,Research & Development,Sales Representative,Marketing,3,0,9478,2,No
EMP10440,41,Male,Sales,Sales Representative,Marketing,4,0,4804,1,No
EMP10441,31,Male,Research & Development,Sales Representative,Marketing,2,5,2000,1,No
EMP10442,44,Male,Research & Development,Research Scientist,Technical Degree,5,1,6290,1,No
EMP10443,44,Male,Research & Development,Manufacturing Director,Marketing,3,0,6906,1,No
EMP10444,25,Female,Research & Development,Manager,Technical Degree,4,4,5693,4,No
EMP10445,39,Male,Research & Development,Research Director,Technical Degree,2,4,9232,2,No
EMP10446,36,Female,IT,Research Scientist,Human Resources,5,1,9686,2,No
EMP10447,24,Male,Research & Development,Laboratory Technician,Medical,4,4,8902,2,No
EMP10448,38,Female,Research & Development,Sales Representative,Marketing,3,4,4001,2,No
EMP10449,36,Male,Research & Development,Research Director,Medical,1,7,2000,2,Yes
EMP10450,20,Female,Human Resources,Manager,Life Sciences,4,15,7437,4,No
EMP10451,27,Female,Marketing,Human Resources,Human Resources,3,7,8465,4,No
EMP10452,39,Female,Research & Development,Research Director,Marketing,3,5,9665,2,No
EMP10453,30,Male,IT,Manufacturing Director,Medical,4,0,5340,1,No
EMP10454,37,Female,Sales,Research Director,Technical Degree,5,0,2000,4,No
EMP10455,32,Male,Research & Development,Healthcare Representative,Technical Degree,1,1,8937,3,No
EMP10456,42,Male,IT,Research Director,Technical Degree,5,8,9502,2,No
EMP10457,29,Male,Finance,Manufacturing Director,Medical,3,21,7198,1,No
EMP10458,35,Female,IT,Research Scientist,Marketing,4,0,7542,1,No
EMP10459,44,Male,Sales,Manager,Human Resources,3,7,9125,5,No
EMP10460,36,Male,Human Resources,Manufacturing Director,Other,4,2,2000,1,No
EMP10461,29,Female,Research & Development,Laboratory Technician,Medical,4,3,5743,3,No
EMP10462,33,Female,Marketing,Human Resources,Human Resources,4,3,10465,1,No
EMP10463,48,Female,IT,Healthcare Representative,Human Resources,2,2,9048,2,No
EMP10464,33,Male,Sales,Manager,Other,2,2,7972,4,No
EMP10465,36,Female,Human Resources,Sales Representative,Marketing,4,2,8533,1,No
EMP10466,30,Male,Research & Development,Healthcare Representative,Human Resources,3,1,5281,3,No
EMP10467,20,Female,Research & Development,Sales Executive,Human Resources,3,0,2000,1,No
EMP10468,22,Female,Human Resources,Manager,Life Sciences,4,0,5885,5,No
EMP10469,35,Female,IT,Research Director,Medical,4,3,5067,3,No
EMP10470,20,Female,Research & Development,Laboratory Technician,Technical Degree,3,10,5162,4,No
EMP10471,33,Male,Sales,Research Director,Life Sciences,2,1,7405,1,No
EMP10472,43,Male,Research & Development,Sales Executive,Marketing,3,2,5502,2,No
EMP10473,29,Male,IT,Healthcare Representative,Other,2,2,2000,3,Yes
EMP10474,37,Female,Research & Development,Manager,Human Resources,4,3,9563,2,Yes
EMP10475,30,Female,Finance,Manufacturing Director,Marketing,3,4,5055,1,No
EMP10476,32,Male,Sales,Research Scientist,Other,2,2,4035,5,Yes
EMP10477,32,Female,Sales,Manager,Life Sciences,5,0,5027,4,No
EMP10478,33,Female,Sales,Sales Representative,Life Sciences,2,11,11279,1,Yes
EMP10479,44,Female,IT,Laboratory Technician,Marketing,4,0,2000,2,No
EMP10480,40,Male,Sales,Sales Executive,Technical Degree,3,3,7944,2,No
EMP10481,40,Male,Human Resources,Laboratory Technician,Marketing,3,0,4265,5,No
EMP10482,34,Male,Sales,Research Scientist,Other,3,1,14634,1,No
EMP10483,31,Female,Research & Development,Sales Representative,Medical,1,5,9197,2,Yes
EMP10484,42,Male,Sales,Healthcare Representative,Human Resources,3,4,12420,1,No
EMP10485,29,Female,Sales,Human Resources,Other,2,6,3816,4,Yes
EMP10486,46,Male,IT,Manufacturing Director,Marketing,3,6,2000,4,No
EMP10487,29,Female,Human Resources,Research Scientist,Technical Degree,1,3,10313,1,No
EMP10488,43,Female,Sales,Sales Representative,Medical,4,1,5840,5,No
EMP10489,25,Female,Marketing,Research Scientist,Life Sciences,2,0,5209,5,Yes
EMP10490,45,Female,Sales,Sales Executive,Marketing,4,1,6148,5,No
EMP10491,29,Female,Research & Development,Sales Representative,Life Sciences,4,3,3249,5,No
EMP10492,25,Male,Research & Development,Healthcare Representative,Life Sciences,2,17,13874,5,No
EMP10493,31,Male,Research & Development,Sales Representative,Technical Degree,3,0,3060,1,No
EMP10494,39,Female,Finance,Manufacturing Director,Life Sciences,3,1,3305,2,Yes
EMP10495,32,Female,Sales,Sales Executive,Medical,1,9,6335,2,Yes
EMP10496,40,Male,Finance,Laboratory Technician,Marketing,3,3,2181,3,No
EMP10497,23,Female,Sales,Laboratory Technician,Human Resources,4,0,2000,3,No
EMP10498,48,Male,IT,Sales Executive,Medical,5,5,6342,4,No
EMP10499,44,Male,Research & Development,Research Scientist,Marketing,2,0,3879,4,No
EMP10500,33,Male,Research & Development,Laboratory Technician,Medical,3,1,6783,2,No
EMP10501,38,Male,IT,Research Scientist,Other,4,0,2000,5,Yes
EMP10502,51,Male,Sales,Research Director,Medical,2,2,7575,4,No
EMP10503,42,Male,Marketing,Sales Executive,Technical Degree,5,0,9882,4,No
EMP10504,31,Male,Research & Development,Manager,Medical,3,2,2126,1,No
EMP10505,36,Male,Research & Development,Sales Executive,Other,3,8,12607,2,No
EMP10506,37,Male,Marketing,Research Scientist,Marketing,3,0,4503,3,No
EMP10507,41,Female,Research & Development,Human Resources,Marketing,3,15,4482,1,No
EMP10508,44,Female,Research & Development,Healthcare Representative,Human Resources,3,3,2455,5,No
EMP10509,28,Female,Research & Development,Research Director,Other,4,1,4424,5,No
EMP10510,20,Male,Sales,Sales Representative,Life Sciences,5,3,10381,2,No
EMP10511,32,Male,Marketing,Sales Executive,Human Resources,3,12,12175,4,No
EMP10512,33,Female,Sales,Human Resources,Other,3,7,10697,4,No
EMP10513,33,Male,Marketing,Laboratory Technician,Human Resources,3,2,9710,3,Yes
EMP10514,40,Male,IT,Human Resources,Marketing,3,0,12371,3,No
EMP10515,33,Male,Research & Development,Human Resources,Other,4,0,9803,4,Yes
EMP10516,27,Male,Research & Development,Laboratory Technician,Other,2,6,4416,3,Yes
EMP10517,29,Female,IT,Sales Representative,Human Resources,2,0,9069,3,Yes
EMP10518,40,Female,Sales,Manufacturing Director,Other,4,5,8264,5,No
EMP10519,30,Male,Sales,Research Director,Medical,4,5,10547,4,No
EMP10520,37,Female,Marketing,Manufacturing Director,Marketing,4,0,4039,3,No
EMP10521,34,Male,Sales,Healthcare Representative,Human Resources,1,0,2000,5,Yes
EMP10522,28,Female,Sales,Manufacturing Director,Medical,3,6,7190,4,No
EMP10523,39,Female,Research & Development,Laboratory Technician,Life Sciences,3,2,6041,4,No
EMP10524,40,Male,Sales,Research Scientist,Other,4,0,6015,1,Yes
EMP10525,29,Male,Sales,Sales Representative,Medical,2,1,4309,1,No
EMP10526,41,Female,IT,Research Scientist,Life Sciences,3,1,2000,1,No
EMP10527,33,Female,IT,Research Scientist,Medical,3,3,6869,1,Yes
EMP10528,45,Female,Sales,Sales Representative,Human Resources,2,0,6523,4,No
EMP10529,43,Female,Finance,Laboratory Technician,Medical,5,3,2928,2,No
EMP10530,36,Female,Research & Development,Laboratory Technician,Life Sciences,3,1,9130,5,No
EMP10531,39,Male,Human Resources,Research Director,Marketing,3,2,10809,5,No
EMP10532,38,Male,Research & Development,Laboratory Technician,Marketing,2,1,2000,2,No
EMP10533,34,Male,Human Resources,Human Resources,Life Sciences,3,0,3657,4,No
EMP10534,28,Female,Research & Development,Research Director,Medical,4,0,4621,5,No
EMP10535,35,Female,Research & Development,Sales Executive,Medical,4,0,3401,5,No
EMP10536,41,Female,Sales,Research Director,Technical Degree,2,1,5781,3,No
EMP10537,28,Male,Marketing,Research Scientist,Other,4,1,5135,2,No
EMP10538,37,Male,IT,Manufacturing Director,Technical Degree,3,2,6021,4,No
EMP10539,41,Male,Sales,Manager,Human Resources,3,1,12545,3,No
EMP10540,46,Male,Finance,Manager,Technical Degree,4,0,8066,5,Yes
EMP10541,28,Male,IT,Research Director,Technical Degree,3,5,7205,3,No
EMP10542,35,Male,Sales,Manufacturing Director,Technical Degree,3,1,7209,2,Yes
EMP10543,32,Female,Sales,Manufacturing Director,Other,3,1,7019,3,No
EMP10544,35,Female,Sales,Laboratory Technician,Technical Degree,4,2,2375,2,No
EMP10545,33,Female,Marketing,Manager,Human Resources,2,0,2250,4,No
EMP10546,31,Female,Research & Development,Laboratory Technician,Other,4,6,5910,4,No
EMP10547,38,Female,Human Resources,Laboratory Technician,Human Resources,3,8,13611,5,No
EMP10548,40,Female,Sales,Laboratory Technician,Marketing,2,3,4573,3,No
EMP10549,31,Female,Sales,Sales Executive,Human Resources,4,1,9030,5,No
EMP10550,25,Male,Sales,Manager,Technical Degree,5,4,7476,2,No
EMP10551,33,Male,Marketing,Laboratory Technician,Medical,2,0,2262,1,Yes
EMP10552,35,Female,Sales,Research Scientist,Human Resources,2,1,2024,3,No
EMP10553,25,Female,Sales,Research Scientist,Medical,3,2,2000,3,No
EMP10554,54,Male,Sales,Research Director,Human Resources,4,0,8114,4,No
EMP10555,34,Female,Research & Development,Sales Representative,Medical,5,1,7248,5,No
EMP10556,40,Female,IT,Manufacturing Director,Other,4,2,5986,4,Yes
EMP10557,36,Male,Research & Development,Manager,Medical,4,2,4473,1,Yes
EMP10558,25,Male,IT,Laboratory Technician,Human Resources,2,0,9466,1,No
EMP10559,24,Male,Research & Development,Research Director,Human Resources,4,2,8730,1,No
EMP10560,22,Male,Human Resources,Sales Representative,Other,2,0,4270,1,Yes
EMP10561,28,Male,Marketing,Sales Representative,Human Resources,5,2,6377,5,No
EMP10562,35,Female,Human Resources,Healthcare Representative,Other,3,13,7182,1,Yes
EMP10563,29,Female,Sales,Manager,Life Sciences,2,0,4706,4,Yes
EMP10564,45,Female,Sales,Sales Executive,Other,4,3,7777,2,No
EMP10565,32,Male,Research & Development,Research Scientist,Medical,2,4,11634,4,No
EMP10566,28,Female,Sales,Human Resources,Marketing,2,9,6611,2,No
EMP10567,20,Female,Research & Development,Research Director,Life Sciences,3,0,8359,3,No
EMP10568,28,Female,Sales,Healthcare Representative,Technical Degree,5,0,6613,1,Yes
EMP10569,39,Male,Sales,Manager,Technical Degree,3,4,2021,4,No
EMP10570,33,Male,Research & Development,Sales Representative,Technical Degree,3,6,13662,4,No
EMP10571,20,Female,Research & Development,Manufacturing Director,Marketing,2,0,6250,3,Yes
EMP10572,23,Male,Research & Development,Human Resources,Technical Degree,3,0,7843,5,Yes
EMP10573,37,Female,Sales,Laboratory Technician,Other,3,1,7595,2,Yes
EMP10574,51,Female,Sales,Sales Representative,Other,2,0,6988,2,No
EMP10575,35,Female,Research & Development,Research Scientist,Life Sciences,4,9,5656,4,No
EMP10576,38,Female,IT,Human Resources,Marketing,3,5,6745,1,No
EMP10577,25,Female,Sales,Laboratory Technician,Other,2,4,9392,5,No
EMP10578,27,Male,IT,Research Scientist,Medical,3,3,6780,5,No
EMP10579,47,Female,Research & Development,Research Director,Technical Degree,4,1,5977,5,No
EMP10580,24,Male,Research & Development,Laboratory Technician,Technical Degree,4,1,8008,5,No
EMP10581,40,Female,Sales,Manager,Human Resources,3,0,3881,2,Yes
EMP10582,51,Female,IT,Manager,Life Sciences,3,0,4226,3,No
EMP10583,22,Female,Research & Development,Research Director,Human Resources,2,5,2190,1,No
EMP10584,20,Male,Sales,Research Director,Medical,4,6,8319,3,No
EMP10585,22,Male,Sales,Manufacturing Director,Marketing,4,1,2865,4,No
EMP10586,35,Female,IT,Human Resources,Other,2,0,7141,1,Yes
EMP10587,33,Female,Sales,Human Resources,Technical Degree,1,3,12750,1,Yes
EMP10588,47,Male,IT,Manufacturing Director,Life Sciences,3,1,8937,4,Yes
EMP10589,32,Female,Finance,Healthcare Representative,Medical,4,2,5483,4,No
EMP10590,23,Male,Finance,Manufacturing Director,Medical,3,3,5147,4,No
EMP10591,26,Male,Marketing,Research Director,Technical Degree,3,0,7831,5,No
EMP10592,20,Male,IT,Healthcare Representative,Human Resources,3,6,5664,1,No
EMP10593,42,Female,Sales,Manufacturing Director,Other,4,4,9121,2,No
EMP10594,20,Female,Human Resources,Human Resources,Life Sciences,3,2,8770,1,No
EMP10595,20,Male,Human Resources,Sales Executive,Other,2,1,3530,3,No
EMP10596,40,Female,Finance,Healthcare Representative,Marketing,2,5,6244,4,No
EMP10597,44,Female,Research & Development,Research Director,Medical,2,4,3305,5,No
EMP10598,31,Female,Research & Development,Sales Executive,Technical Degree,3,1,10979,3,No
EMP10599,21,Female,Research & Development,Research Scientist,Marketing,2,3,7485,1,No
EMP10600,28,Female,Human Resources,Healthcare Representative,Medical,4,6,8805,3,No
EMP10601,35,Male,IT,Sales Representative,Human Resources,1,5,9378,3,No
EMP10602,31,Male,Human Resources,Healthcare Representative,Medical,3,2,2000,4,No
EMP10603,36,Male,Research & Development,Manufacturing Director,Medical,4,2,9686,2,No
EMP10604,36,Female,IT,Manager,Technical Degree,3,5,5732,3,No
EMP10605,40,Male,Research & Development,Research Director,Other,2,1,8220,3,No
EMP10606,38,Male,Marketing,Manager,Human Resources,4,5,8900,1,No
EMP10607,35,Male,Finance,Healthcare Representative,Marketing,1,0,6275,3,No
EMP10608,40,Female,Research & Development,Research Scientist,Marketing,4,1,6419,1,No
EMP10609,38,Male,Research & Development,Manufacturing Director,Technical Degree,4,6,4095,1,No
EMP10610,39,Female,Research & Development,Sales Representative,Life Sciences,3,0,11957,2,Yes
EMP10611,35,Male,Research & Development,Research Director,Other,3,6,7907,3,No
EMP10612,20,Male,IT,Research Director,Medical,4,0,3148,2,No
EMP10613,26,Male,Sales,Healthcare Representative,Other,3,6,9529,2,No
EMP10614,40,Male,Research & Development,Research Scientist,Other,2,3,7009,5,No
EMP10615,29,Female,Research & Development,Research Director,Marketing,2,1,3294,1,Yes
EMP10616,22,Male,Finance,Sales Executive,Medical,4,5,4944,5,No
EMP10617,33,Male,Human Resources,Manufacturing Director,Other,2,2,9495,3,Yes
EMP10618,26,Male,Research & Development,Healthcare Representative,Other,4,0,8123,1,No
EMP10619,33,Female,Marketing,Research Director,Human Resources,4,4,10339,5,No
EMP10620,32,Female,Research & Development,Laboratory Technician,Medical,2,5,6117,4,No
EMP10621,30,Male,Sales,Sales Representative,Life Sciences,2,15,2994,2,Yes
EMP10622,35,Male,Sales,Sales Executive,Technical Degree,2,0,11040,5,Yes
EMP10623,30,Female,Finance,Sales Executive,Marketing,2,1,11704,3,No
EMP10624,23,Male,Research & Development,Sales Executive,Human Resources,2,0,2000,1,No
EMP10625,33,Male,Sales,Research Scientist,Marketing,4,13,3942,4,No
EMP10626,29,Female,Research & Development,Laboratory Technician,Other,3,0,6249,1,No
EMP10627,36,Male,Human Resources,Healthcare Representative,Technical Degree,3,3,4361,5,No
EMP10628,24,Female,IT,Research Scientist,Technical Degree,4,0,10069,5,Yes
EMP10629,43,Male,IT,Research Director,Other,1,1,9378,5,Yes
EMP10630,43,Female,IT,Manufacturing Director,Medical,3,11,6955,4,No
EMP10631,37,Male,Research & Development,Manufacturing Director,Human Resources,5,4,9074,4,No
EMP10632,33,Male,Sales,Research Scientist,Life Sciences,3,3,5818,5,No
EMP10633,22,Male,Marketing,Human Resources,Life Sciences,3,7,8692,1,No
EMP10634,39,Male,Research & Development,Healthcare Representative,Medical,2,15,5406,4,Yes
EMP10635,33,Male,IT,Healthcare Representative,Medical,3,2,7268,3,No
EMP10636,31,Male,Sales,Sales Executive,Life Sciences,1,5,7047,2,No
EMP10637,34,Male,Research & Development,Research Director,Technical Degree,5,1,10471,3,No
EMP10638,30,Male,Research & Development,Manager,Other,3,0,7577,1,No
EMP10639,39,Female,Research & Development,Sales Representative,Human Resources,2,1,3988,4,No
EMP10640,34,Male,Sales,Sales Executive,Other,2,5,11844,1,No
EMP10641,42,Female,IT,Research Director,Other,3,6,8457,5,No
EMP10642,35,Female,Human Resources,Laboratory Technician,Marketing,4,0,10751,4,Yes
EMP10643,40,Female,Research & Development,Research Scientist,Medical,3,0,11635,3,Yes
EMP10644,40,Male,Marketing,Manager,Technical Degree,3,3,2000,5,No
EMP10645,37,Male,Research & Development,Manufacturing Director,Marketing,4,4,6091,3,No
EMP10646,33,Female,Sales,Human Resources,Technical Degree,4,3,9292,1,Yes
EMP10647,26,Male,Research & Development,Research Director,Marketing,1,4,2000,2,Yes
EMP10648,30,Female,Research & Development,Manager,Medical,4,2,4628,1,No
EMP10649,35,Female,Research & Development,Manufacturing Director,Life Sciences,4,0,6450,4,No
EMP10650,31,Female,Sales,Research Director,Marketing,4,4,4802,3,Yes
EMP10651,31,Female,Finance,Sales Executive,Life Sciences,4,8,4183,4,No
EMP10652,39,Male,IT,Healthcare Representative,Technical Degree,4,0,3476,5,No
EMP10653,26,Female,Marketing,Manager,Life Sciences,3,3,2000,2,No
EMP10654,24,Female,Research & Development,Research Director,Human Resources,2,7,5195,3,No
EMP10655,43,Male,Sales,Manufacturing Director,Life Sciences,2,2,2609,3,Yes
EMP10656,33,Female,Research & Development,Manager,Human Resources,2,3,2597,1,Yes
EMP10657,35,Male,Research & Development,Sales Representative,Life Sciences,3,7,9740,3,No
EMP10658,38,Male,Sales,Sales Representative,Other,4,2,3390,4,No
EMP10659,37,Male,Finance,Research Scientist,Marketing,2,4,8504,1,No
EMP10660,31,Male,IT,Research Director,Marketing,3,0,6836,5,No
EMP10661,48,Male,Marketing,Sales Executive,Technical Degree,3,1,7874,1,No
EMP10662,33,Female,IT,Research Director,Technical Degree,3,2,2447,2,No
EMP10663,39,Male,Finance,Laboratory Technician,Life Sciences,3,1,4821,4,No
EMP10664,43,Female,Research & Development,Sales Representative,Marketing,5,2,10725,5,No
EMP10665,20,Male,Research & Development,Manager,Medical,4,0,9665,4,No
EMP10666,20,Male,Research & Development,Human Resources,Medical,3,8,8946,5,No
EMP10667,52,Male,Sales,Healthcare Representative,Human Resources,3,0,3749,3,No
EMP10668,27,Male,Marketing,Laboratory Technician,Technical Degree,3,4,5481,5,No
EMP10669,24,Female,Finance,Manager,Technical Degree,3,2,7230,4,No
EMP10670,32,Female,Human Resources,Human Resources,Medical,3,6,6962,4,No
EMP10671,28,Male,Sales,Laboratory Technician,Life Sciences,5,4,9775,1,No
EMP10672,37,Male,Marketing,Healthcare Representative,Other,5,7,8284,1,No
EMP10673,37,Female,Sales,Human Resources,Life Sciences,1,6,6539,3,No
EMP10674,24,Male,Human Resources,Human Resources,Other,3,7,6929,5,No
EMP10675,43,Female,Finance,Sales Executive,Marketing,3,6,5005,4,No
EMP10676,34,Female,Marketing,Sales Executive,Life Sciences,3,0,5672,3,No
EMP10677,42,Female,IT,Manager,Technical Degree,3,0,6632,5,No
EMP10678,30,Male,IT,Manufacturing Director,Medical,3,1,5715,4,No
EMP10679,45,Male,Sales,Laboratory Technician,Human Resources,2,1,4533,5,Yes
EMP10680,30,Male,Research & Development,Human Resources,Medical,3,1,11885,2,Yes
EMP10681,32,Female,Sales,Research Director,Human Resources,4,0,9404,2,Yes
EMP10682,40,Female,Research & Development,Healthcare Representative,Marketing,2,2,7505,5,No
EMP10683,47,Male,IT,Manager,Technical Degree,4,5,8243,2,No
EMP10684,35,Male,IT,Laboratory Technician,Marketing,4,0,9722,5,No
EMP10685,47,Male,Research & Development,Manufacturing Director,Human Resources,2,0,8086,3,Yes
EMP10686,37,Female,Sales,Human Resources,Marketing,3,9,9024,5,No
EMP10687,46,Male,Sales,Manager,Marketing,4,3,7731,2,No
EMP10688,26,Male,Marketing,Manager,Marketing,3,2,3736,1,No
EMP10689,42,Female,Sales,Human Resources,Medical,2,1,3575,5,No
EMP10690,32,Female,Research & Development,Healthcare Representative,Human Resources,2,9,3282,2,No
EMP10691,35,Male,Marketing,Laboratory Technician,Technical Degree,3,1,5161,5,Yes
EMP10692,39,Male,Sales,Manufacturing Director,Human Resources,4,6,9879,4,No
EMP10693,26,Male,Research & Development,Sales Representative,Human Resources,3,4,6741,1,No
EMP10694,25,Male,Sales,Manager,Life Sciences,2,0,3460,1,Yes
EMP10695,40,Male,IT,Human Resources,Life Sciences,1,4,8753,5,No
EMP10696,39,Female,Research & Development,Research Director,Human Resources,4,5,4151,4,No
EMP10697,46,Male,Research & Development,Research Scientist,Technical Degree,3,1,6400,1,No
EMP10698,37,Male,IT,Sales Executive,Human Resources,1,0,2793,1,Yes
EMP10699,44,Male,Research & Development,Healthcare Representative,Technical Degree,4,22,7823,1,No
EMP10700,37,Female,Research & Development,Sales Executive,Marketing,3,1,4478,2,No
EMP10701,36,Male,Finance,Human Resources,Medical,4,6,4666,2,No
EMP10702,26,Female,Marketing,Sales Executive,Technical Degree,3,0,10144,5,Yes
EMP10703,30,Male,Sales,Sales Representative,Technical Degree,1,4,8821,5,No
EMP10704,39,Female,Sales,Manager,Other,4,5,10214,4,No
EMP10705,51,Male,Sales,Manufacturing Director,Technical Degree,4,3,7791,3,No
EMP10706,36,Male,Human Resources,Sales Executive,Technical Degree,3,5,12306,4,No
EMP10707,31,Male,Research & Development,Research Scientist,Medical,2,3,5140,1,Yes
EMP10708,37,Female,Marketing,Manager,Other,1,0,9855,2,Yes
EMP10709,39,Male,IT,Manager,Marketing,4,0,11292,4,No
EMP10710,50,Female,Finance,Laboratory Technician,Technical Degree,2,4,8574,5,No
EMP10711,33,Female,Marketing,Laboratory Technician,Life Sciences,3,4,3069,3,No
EMP10712,43,Male,Finance,Sales Representative,Medical,4,1,7812,3,Yes
EMP10713,26,Female,IT,Research Director,Marketing,2,4,8020,3,No
EMP10714,50,Female,Research & Development,Laboratory Technician,Human Resources,2,7,8769,5,Yes
EMP10715,45,Female,IT,Laboratory Technician,Technical Degree,4,6,8599,2,No
EMP10716,35,Male,Finance,Sales Executive,Technical Degree,4,2,3390,1,No
EMP10717,32,Female,IT,Manufacturing Director,Life Sciences,1,10,9116,5,No
EMP10718,49,Female,Human Resources,Laboratory Technician,Medical,5,1,4177,4,No
EMP10719,33,Female,Sales,Human Resources,Technical Degree,4,8,8083,1,No
EMP10720,25,Male,Human Resources,Laboratory Technician,Technical Degree,4,7,6700,2,No
EMP10721,36,Male,Research & Development,Laboratory Technician,Human Resources,2,6,10088,4,No
EMP10722,37,Male,Sales,Research Director,Other,4,14,11477,1,No
EMP10723,34,Male,Sales,Manufacturing Director,Technical Degree,3,0,5046,3,No
EMP10724,33,Female,IT,Sales Executive,Human Resources,2,0,4521,3,Yes
EMP10725,29,Female,IT,Healthcare Representative,Technical Degree,1,0,5807,5,No
EMP10726,32,Female,Human Resources,Manager,Technical Degree,3,14,2793,1,No
EMP10727,31,Female,Marketing,Manufacturing Director,Technical Degree,2,1,9755,4,No
EMP10728,31,Female,Research & Development,Research Director,Technical Degree,3,1,10707,1,No
EMP10729,25,Male,Research & Development,Manufacturing Director,Life Sciences,3,1,7596,5,No
EMP10730,34,Male,Sales,Laboratory Technician,Medical,2,1,10656,5,No
EMP10731,37,Male,Human Resources,Sales Representative,Medical,3,2,3510,1,No
EMP10732,37,Female,Research & Development,Laboratory Technician,Human Resources,2,1,4060,4,Yes
EMP10733,34,Male,Sales,Laboratory Technician,Other,1,6,5918,5,Yes
EMP10734,34,Male,Sales,Healthcare Representative,Other,2,2,8325,5,No
EMP10735,48,Male,IT,Healthcare Representative,Life Sciences,4,7,9245,2,No
EMP10736,38,Female,IT,Laboratory Technician,Other,1,7,3646,4,No
EMP10737,31,Male,Human Resources,Human Resources,Medical,5,2,6475,2,No
EMP10738,44,Female,IT,Research Scientist,Other,3,1,5780,4,No
EMP10739,43,Male,Sales,Human Resources,Technical Degree,2,5,2000,4,No
EMP10740,33,Male,Sales,Sales Executive,Technical Degree,3,12,8485,5,No
EMP10741,24,Male,Research & Development,Laboratory Technician,Technical Degree,3,4,14954,5,No
EMP10742,37,Female,Research & Development,Manager,Life Sciences,1,1,3923,5,No
EMP10743,38,Female,IT,Sales Representative,Medical,2,1,7472,5,No
EMP10744,30,Male,Research & Development,Healthcare Representative,Marketing,2,6,8241,2,No
EMP10745,33,Male,Research & Development,Human Resources,Marketing,3,0,7835,3,No
EMP10746,44,Male,Research & Development,Research Scientist,Technical Degree,2,1,6948,1,No
EMP10747,28,Male,Finance,Manager,Marketing,3,0,7904,3,Yes
EMP10748,26,Female,Human Resources,Healthcare Representative,Medical,4,0,5418,5,No
EMP10749,39,Female,Human Resources,Sales Representative,Other,3,3,7925,4,No
EMP10750,29,Female,Sales,Human Resources,Technical Degree,3,2,4556,4,No
EMP10751,32,Female,Research & Development,Sales Representative,Human Resources,4,0,6418,2,No
EMP10752,27,Male,Finance,Research Director,Human Resources,2,1,6391,2,Yes
EMP10753,42,Female,IT,Human Resources,Technical Degree,5,0,5882,1,Yes
EMP10754,20,Male,IT,Laboratory Technician,Marketing,3,3,10314,5,No
EMP10755,32,Male,Research & Development,Manager,Life Sciences,2,2,3369,5,Yes
EMP10756,41,Female,Marketing,Sales Representative,Technical Degree,3,2,4747,5,No
EMP10757,35,Male,Marketing,Laboratory Technician,Human Resources,3,2,5163,4,No
EMP10758,32,Male,IT,Human Resources,Medical,3,0,2000,2,Yes
EMP10759,32,Male,Human Resources,Sales Executive,Medical,3,1,3919,2,No
EMP10760,31,Male,Sales,Healthcare Representative,Marketing,2,6,11387,3,No
EMP10761,30,Female,Research & Development,Human Resources,Life Sciences,3,1,5261,1,No
EMP10762,40,Female,Finance,Human Resources,Technical Degree,5,10,5580,3,No
EMP10763,33,Female,Sales,Manufacturing Director,Marketing,5,1,7013,4,No
EMP10764,33,Female,Sales,Human Resources,Life Sciences,3,13,9316,5,Yes
EMP10765,36,Female,Research & Development,Research Scientist,Technical Degree,4,4,2513,3,No
EMP10766,41,Female,Finance,Sales Representative,Technical Degree,3,11,8594,4,No
EMP10767,39,Female,Marketing,Research Director,Human Resources,2,13,4857,4,No
EMP10768,42,Male,Research & Development,Healthcare Representative,Life Sciences,4,18,5035,4,No
EMP10769,24,Male,Human Resources,Manufacturing Director,Medical,3,1,4201,4,No
EMP10770,42,Male,Finance,Healthcare Representative,Other,3,10,6094,3,No
EMP10771,25,Female,Sales,Laboratory Technician,Marketing,2,13,8695,3,No
EMP10772,35,Female,Sales,Manufacturing Director,Marketing,1,1,12826,2,Yes
EMP10773,32,Male,IT,Manufacturing Director,Other,4,3,9248,2,No
EMP10774,27,Female,Sales,Research Scientist,Life Sciences,5,2,5889,1,No
EMP10775,39,Female,Human Resources,Human Resources,Life Sciences,2,0,9271,4,No
EMP10776,30,Female,Research & Development,Healthcare Representative,Marketing,2,2,7387,2,No
EMP10777,48,Female,Research & Development,Laboratory Technician,Life Sciences,3,1,2000,5,No
EMP10778,24,Female,Marketing,Sales Executive,Technical Degree,5,0,6868,3,No
EMP10779,26,Male,Research & Development,Research Scientist,Human Resources,3,5,9145,5,No
EMP10780,39,Male,Sales,Manufacturing Director,Marketing,3,6,12828,5,No
EMP10781,41,Female,Human Resources,Healthcare Representative,Other,3,1,9177,5,No
EMP10782,34,Female,Research & Development,Manager,Medical,3,3,3715,2,No
EMP10783,34,Male,Research & Development,Manager,Medical,3,5,4961,4,No
EMP10784,35,Male,Research & Development,Manufacturing Director,Life Sciences,3,3,2000,3,No
EMP10785,39,Female,IT,Manufacturing Director,Other,3,1,7951,2,No
EMP10786,31,Male,Sales,Research Director,Other,5,1,2350,5,No
EMP10787,40,Female,IT,Healthcare Representative,Medical,1,6,10185,5,No
EMP10788,34,Male,Research & Development,Laboratory Technician,Life Sciences,4,1,10060,2,No
EMP10789,30,Female,IT,Research Scientist,Marketing,2,0,4589,3,Yes
EMP10790,22,Female,Research & Development,Healthcare Representative,Medical,1,7,5533,1,No
EMP10791,24,Female,IT,Manufacturing Director,Technical Degree,3,1,7984,5,No
EMP10792,20,Male,Marketing,Healthcare Representative,Medical,3,10,8508,3,No
EMP10793,50,Female,IT,Research Director,Life Sciences,3,2,5158,4,No
EMP10794,38,Female,Human Resources,Laboratory Technician,Other,2,14,13070,3,No
EMP10795,38,Female,IT,Research Scientist,Life Sciences,3,0,4380,2,No
EMP10796,39,Female,Research & Development,Healthcare Representative,Human Resources,3,4,6250,3,No
EMP10797,29,Female,Research & Development,Research Director,Medical,1,7,10631,5,No
EMP10798,38,Female,Research & Development,Laboratory Technician,Life Sciences,4,1,5204,2,No
EMP10799,32,Female,Marketing,Research Scientist,Other,2,4,2000,2,No
EMP10800,30,Male,Sales,Research Director,Technical Degree,3,2,5568,1,Yes
EMP10801,32,Female,Research & Development,Research Scientist,Life Sciences,2,8,6423,3,No
EMP10802,22,Male,Human Resources,Sales Representative,Medical,3,2,7760,2,No
EMP10803,32,Female,Research & Development,Laboratory Technician,Other,4,2,10988,5,No
EMP10804,36,Male,Sales,Manager,Medical,5,4,11779,4,No
EMP10805,30,Female,Research & Development,Laboratory Technician,Human Resources,3,7,8022,5,No
EMP10806,44,Female,Human Resources,Sales Representative,Technical Degree,3,2,8896,5,No
EMP10807,33,Female,Research & Development,Manufacturing Director,Life Sciences,4,2,5280,4,No
EMP10808,20,Female,Research & Development,Healthcare Representative,Life Sciences,3,3,6123,1,No
EMP10809,34,Male,Research & Development,Research Director,Technical Degree,5,1,4523,1,No
EMP10810,43,Female,Marketing,Research Director,Medical,4,11,11640,1,No
EMP10811,31,Female,Research & Development,Sales Executive,Technical Degree,3,4,5890,3,No
EMP10812,29,Female,Research & Development,Laboratory Technician,Human Resources,3,11,8930,4,No
EMP10813,25,Male,Research & Development,Sales Representative,Human Resources,2,3,3714,2,No
EMP10814,25,Female,Research & Development,Human Resources,Medical,3,0,10988,4,Yes
EMP10815,31,Male,Sales,Healthcare Representative,Life Sciences,2,0,5825,4,No
EMP10816,43,Female,Finance,Research Director,Other,5,0,5379,3,Yes
EMP10817,30,Male,Marketing,Sales Executive,Other,2,0,6181,1,Yes
EMP10818,20,Male,Finance,Sales Executive,Other,4,0,5952,1,Yes
EMP10819,35,Female,Sales,Sales Representative,Medical,2,0,9513,4,No
EMP10820,21,Female,Finance,Sales Executive,Medical,4,14,2698,1,No
EMP10821,37,Male,Sales,Sales Representative,Life Sciences,2,9,10203,5,No
EMP10822,41,Male,IT,Healthcare Representative,Marketing,1,0,10130,1,Yes
EMP10823,32,Male,Research & Development,Research Director,Other,2,1,8565,1,Yes
EMP10824,34,Male,Research & Development,Manufacturing Director,Marketing,2,1,8632,4,No
EMP10825,28,Female,Marketing,Laboratory Technician,Human Resources,3,2,4727,1,No
EMP10826,26,Male,Research & Development,Healthcare Representative,Other,1,3,7556,3,No
EMP10827,25,Male,Marketing,Manufacturing Director,Human Resources,4,0,8642,4,No
EMP10828,31,Male,IT,Research Scientist,Marketing,2,1,11694,2,Yes
EMP10829,28,Male,Research & Development,Research Director,Human Resources,5,0,3921,5,Yes
EMP10830,24,Male,Sales,Research Director,Life Sciences,4,8,6362,5,No
EMP10831,39,Male,Sales,Laboratory Technician,Human Resources,3,1,2315,5,No
EMP10832,42,Male,Research & Development,Manager,Technical Degree,4,4,5773,3,No
EMP10833,44,Female,Finance,Sales Executive,Human Resources,3,1,4512,4,No
EMP10834,25,Male,Research & Development,Sales Executive,Marketing,4,0,8315,4,No
EMP10835,43,Female,Sales,Laboratory Technician,Technical Degree,4,1,7271,3,No
EMP10836,53,Female,Research & Development,Human Resources,Other,2,2,2000,1,No
EMP10837,28,Female,Research & Development,Healthcare Representative,Technical Degree,4,0,7129,3,No
EMP10838,36,Female,Finance,Sales Executive,Technical Degree,3,6,11508,3,No
EMP10839,37,Male,Research & Development,Research Scientist,Human Resources,4,1,4427,5,No
EMP10840,42,Male,Research & Development,Research Director,Technical Degree,3,1,9304,2,No
EMP10841,48,Female,Research & Development,Manager,Life Sciences,5,3,9551,1,No
EMP10842,21,Male,Sales,Laboratory Technician,Other,2,5,9186,1,Yes
EMP10843,26,Female,Sales,Sales Executive,Technical Degree,4,5,3051,4,No
EMP10844,37,Female,Sales,Manufacturing Director,Technical Degree,2,7,6341,1,Yes
EMP10845,20,Male,Human Resources,Research Scientist,Marketing,3,2,8300,1,No
EMP10846,26,Female,IT,Sales Executive,Technical Degree,5,3,5162,3,No
EMP10847,28,Male,IT,Research Scientist,Other,3,0,6731,5,Yes
EMP10848,36,Male,Research & Development,Manufacturing Director,Other,4,3,4480,5,No
EMP10849,35,Male,Research & Development,Human Resources,Marketing,3,1,4206,1,No
EMP10850,33,Female,Human Resources,Sales Representative,Life Sciences,4,0,3506,2,No
EMP10851,43,Female,Research & Development,Laboratory Technician,Technical Degree,5,9,8134,5,No
EMP10852,40,Female,IT,Human Resources,Medical,4,4,6553,3,No
EMP10853,37,Female,IT,Manager,Technical Degree,4,4,3486,2,No
EMP10854,33,Male,Research & Development,Human Resources,Human Resources,3,5,10495,3,No
EMP10855,25,Female,Research & Development,Sales Representative,Life Sciences,1,0,8626,1,No
EMP10856,36,Male,Research & Development,Healthcare Representative,Life Sciences,4,0,11105,3,No
EMP10857,29,Male,IT,Sales Executive,Human Resources,3,0,7330,3,No
EMP10858,27,Male,Sales,Research Director,Medical,4,1,6674,2,Yes
EMP10859,32,Female,IT,Manufacturing Director,Other,4,0,14797,3,No
EMP10860,20,Male,Research & Development,Manufacturing Director,Human Resources,4,3,2633,1,No
EMP10861,30,Female,Sales,Research Scientist,Technical Degree,3,0,4642,3,Yes
EMP10862,46,Female,Sales,Sales Executive,Medical,1,8,5614,3,No
EMP10863,43,Female,Research & Development,Research Scientist,Other,2,4,2002,5,No
EMP10864,25,Female,Sales,Human Resources,Life Sciences,4,0,3749,3,No
EMP10865,37,Male,Research & Development,Manufacturing Director,Other,5,4,9008,1,No
EMP10866,39,Female,Marketing,Human Resources,Life Sciences,3,2,8935,2,No
EMP10867,46,Female,Sales,Manager,Life Sciences,3,3,2000,4,No
EMP10868,32,Male,Research & Development,Healthcare Representative,Life Sciences,3,0,14164,4,No
EMP10869,29,Male,IT,Research Director,Technical Degree,2,0,6755,2,No
EMP10870,36,Male,Research & Development,Human Resources,Other,2,3,8772,2,Yes
EMP10871,24,Female,Research & Development,Research Scientist,Life Sciences,5,1,6541,4,No
EMP10872,42,Female,Sales,Manager,Technical Degree,1,9,8435,1,No
EMP10873,45,Male,Marketing,Research Director,Technical Degree,2,4,10998,2,No
EMP10874,24,Male,Sales,Manager,Other,3,4,2000,1,Yes
EMP10875,41,Male,Sales,Laboratory Technician,Medical,3,5,6533,1,No
EMP10876,26,Male,Research & Development,Research Director,Life Sciences,4,4,11177,3,No
EMP10877,30,Male,Sales,Human Resources,Medical,1,10,3964,5,No
EMP10878,30,Male,Finance,Sales Executive,Marketing,3,3,6535,5,No
EMP10879,37,Male,Research & Development,Sales Executive,Medical,3,2,5216,2,No
EMP10880,38,Female,Sales,Sales Executive,Life Sciences,2,24,2705,4,No
EMP10881,29,Female,IT,Sales Executive,Medical,2,8,6581,4,Yes
EMP10882,20,Female,Research & Development,Research Scientist,Medical,2,4,12878,4,No
EMP10883,28,Male,Sales,Human Resources,Marketing,3,12,9232,5,No
EMP10884,34,Male,Sales,Human Resources,Medical,2,3,2000,3,No
EMP10885,46,Male,Sales,Manager,Medical,2,1,5515,3,Yes
EMP10886,39,Female,IT,Healthcare Representative,Marketing,2,0,6742,1,No
EMP10887,29,Female,Sales,Manager,Marketing,4,3,7564,2,Yes
EMP10888,43,Female,Research & Development,Manufacturing Director,Marketing,2,3,7171,2,No
EMP10889,28,Female,Marketing,Manager,Marketing,3,1,9011,5,Yes
EMP10890,34,Male,Research & Development,Manufacturing Director,Other,3,2,4431,3,No
EMP10891,36,Male,Research & Development,Laboratory Technician,Human Resources,4,0,7451,5,No
EMP10892,53,Female,Sales,Human Resources,Human Resources,3,7,5079,1,No
EMP10893,42,Male,Finance,Manager,Marketing,4,0,4059,4,No
EMP10894,38,Female,Sales,Manufacturing Director,Life Sciences,1,3,7360,2,Yes
EMP10895,38,Female,Human Resources,Manufacturing Director,Technical Degree,4,12,7449,2,No
EMP10896,29,Male,Research & Development,Research Director,Other,3,2,2905,5,No
EMP10897,47,Female,Finance,Manager,Other,3,9,5631,4,No
EMP10898,24,Male,Sales,Manufacturing Director,Life Sciences,2,2,7677,4,No
EMP10899,44,Male,IT,Sales Representative,Other,4,3,5122,2,No
EMP10900,38,Male,Sales,Research Director,Technical Degree,4,6,2535,4,No
EMP10901,48,Female,IT,Sales Representative,Marketing,3,3,8530,1,No
EMP10902,39,Female,Finance,Sales Representative,Technical Degree,2,3,11001,5,No
EMP10903,39,Male,Research & Development,Research Director,Marketing,1,4,7296,1,No
EMP10904,34,Male,Research & Development,Sales Representative,Human Resources,2,0,4948,1,No
EMP10905,30,Male,Sales,Research Director,Marketing,2,2,6292,3,No
EMP10906,20,Female,Research & Development,Sales Representative,Medical,5,1,6006,5,No
EMP10907,36,Male,Research & Development,Research Director,Life Sciences,2,0,6528,5,Yes
EMP10908,48,Male,Research & Development,Manager,Marketing,5,8,8940,1,No
EMP10909,35,Male,IT,Research Scientist,Medical,5,0,8289,3,No
EMP10910,31,Male,Finance,Research Scientist,Life Sciences,3,0,2000,1,No
EMP10911,35,Female,Sales,Sales Representative,Human Resources,3,0,6893,5,No
EMP10912,42,Male,Research & Development,Sales Representative,Life Sciences,1,0,3159,2,No
EMP10913,49,Male,Sales,Laboratory Technician,Other,1,0,5529,1,No
EMP10914,26,Female,Finance,Research Director,Medical,2,0,6831,2,Yes
EMP10915,39,Male,Marketing,Sales Executive,Technical Degree,2,1,10002,3,Yes
EMP10916,32,Female,IT,Human Resources,Life Sciences,3,0,8362,5,No
EMP10917,43,Male,Sales,Research Director,Marketing,2,10,15435,4,No
EMP10918,33,Male,Sales,Human Resources,Medical,3,1,8108,5,No
EMP10919,32,Male,Sales,Laboratory Technician,Life Sciences,3,2,8486,3,Yes
EMP10920,37,Male,Human Resources,Healthcare Representative,Medical,3,0,4707,1,Yes
EMP10921,43,Female,Marketing,Laboratory Technician,Human Resources,2,3,11597,3,No
EMP10922,38,Male,Marketing,Manager,Life Sciences,3,8,7779,1,No
EMP10923,32,Female,Research & Development,Sales Representative,Life Sciences,3,3,3590,4,No
EMP10924,39,Male,Research & Development,Laboratory Technician,Life Sciences,1,22,9895,3,No
EMP10925,28,Female,Research & Development,Manufacturing Director,Technical Degree,2,0,5648,1,Yes
EMP10926,30,Male,Research & Development,Healthcare Representative,Marketing,2,4,2000,5,No
EMP10927,30,Female,Research & Development,Manager,Other,4,3,2000,5,No
EMP10928,34,Female,Research & Development,Laboratory Technician,Technical Degree,2,3,2609,2,No
EMP10929,37,Male,Sales,Sales Executive,Marketing,4,3,4927,1,No
EMP10930,42,Male,IT,Sales Representative,Marketing,2,3,8770,1,No
EMP10931,41,Male,Sales,Manufacturing Director,Human Resources,3,0,13824,3,No
EMP10932,30,Male,Research & Development,Human Resources,Technical Degree,1,3,2000,3,No
EMP10933,35,Male,Finance,Manager,Marketing,3,1,5916,5,No
EMP10934,40,Male,IT,Manufacturing Director,Medical,3,0,3826,3,No
EMP10935,34,Female,IT,Sales Executive,Human Resources,4,2,13061,2,No
EMP10936,42,Female,IT,Human Resources,Medical,3,0,9308,4,No
EMP10937,36,Female,IT,Sales Executive,Technical Degree,4,2,7875,3,No
EMP10938,37,Female,Research & Development,Sales Executive,Other,3,3,5083,5,No
EMP10939,28,Female,Sales,Laboratory Technician,Medical,2,1,4352,1,Yes
EMP10940,51,Female,Human Resources,Laboratory Technician,Technical Degree,4,2,4524,5,No
EMP10941,36,Male,IT,Healthcare Representative,Human Resources,2,1,6882,3,No
EMP10942,44,Female,Research & Development,Research Director,Other,3,0,10510,3,No
EMP10943,44,Female,Sales,Healthcare Representative,Other,3,3,9798,1,No
EMP10944,45,Male,IT,Research Scientist,Marketing,4,10,9448,5,Yes
EMP10945,32,Female,IT,Laboratory Technician,Other,3,0,7852,3,No
EMP10946,51,Female,IT,Laboratory Technician,Life Sciences,3,1,8975,5,No
EMP10947,41,Male,Sales,Sales Executive,Marketing,2,0,2000,4,No
EMP10948,35,Male,Sales,Sales Executive,Human Resources,3,10,10513,5,No
EMP10949,29,Female,Research & Development,Sales Executive,Life Sciences,4,13,10963,5,No
EMP10950,27,Female,Sales,Healthcare Representative,Human Resources,3,4,8493,2,No
EMP10951,47,Male,Research & Development,Human Resources,Medical,3,1,2217,4,No
EMP10952,50,Female,Sales,Healthcare Representative,Life Sciences,2,5,5495,1,No
EMP10953,23,Male,Sales,Manager,Technical Degree,2,6,5185,3,Yes
EMP10954,33,Female,Research & Development,Laboratory Technician,Life Sciences,4,5,2475,3,No
EMP10955,25,Female,Research & Development,Sales Executive,Other,3,0,4313,1,No
EMP10956,28,Male,Sales,Sales Executive,Life Sciences,2,6,5967,4,No
EMP10957,40,Female,Human Resources,Healthcare Representative,Medical,2,4,8169,2,No
EMP10958,36,Male,Marketing,Research Director,Technical Degree,3,1,13262,2,Yes
EMP10959,35,Female,Sales,Healthcare Representative,Human Resources,2,1,6687,4,No
EMP10960,37,Male,Sales,Healthcare Representative,Medical,3,0,6113,4,Yes
EMP10961,37,Female,IT,Manager,Marketing,4,6,9426,4,Yes
EMP10962,33,Female,Sales,Research Director,Marketing,3,7,8405,2,No
EMP10963,29,Female,Human Resources,Laboratory Technician,Technical Degree,4,1,10053,1,No
EMP10964,34,Male,Research & Development,Research Scientist,Medical,3,0,5888,5,No
EMP10965,49,Female,Sales,Manufacturing Director,Technical Degree,3,0,9649,2,No
EMP10966,36,Female,Sales,Manufacturing Director,Human Resources,4,0,6773,5,No
EMP10967,49,Female,Research & Development,Manager,Technical Degree,2,7,14084,2,Yes
EMP10968,39,Male,Finance,Research Director,Life Sciences,4,0,7919,5,No
EMP10969,42,Female,Research & Development,Research Director,Other,2,8,11520,3,No
EMP10970,30,Male,Research & Development,Sales Representative,Medical,3,2,6918,4,No
EMP10971,36,Male,Sales,Laboratory Technician,Technical Degree,2,1,8979,1,No
EMP10972,33,Male,Research & Development,Healthcare Representative,Marketing,3,5,3932,5,No
EMP10973,32,Male,Sales,Manager,Medical,3,14,7107,5,No
EMP10974,23,Female,IT,Sales Representative,Human Resources,2,1,2000,3,No
EMP10975,42,Male,Human Resources,Human Resources,Marketing,3,2,9843,2,No
EMP10976,33,Male,Research & Development,Human Resources,Life Sciences,3,4,2239,1,No
EMP10977,48,Female,Sales,Healthcare Representative,Life Sciences,4,0,5354,2,No
EMP10978,38,Female,Human Resources,Sales Representative,Marketing,4,2,2000,4,No
EMP10979,32,Male,Human Resources,Research Director,Other,3,1,11553,2,No
EMP10980,41,Female,IT,Laboratory Technician,Medical,3,1,2372,2,Yes
EMP10981,31,Male,Human Resources,Laboratory Technician,Human Resources,3,0,8538,4,No
EMP10982,37,Male,Sales,Sales Representative,Marketing,3,2,6801,5,No
EMP10983,26,Male,Research & Development,Sales Representative,Technical Degree,2,3,2331,4,No
EMP10984,30,Male,Sales,Sales Executive,Technical Degree,3,0,6180,4,No
EMP10985,31,Male,Finance,Healthcare Representative,Marketing,2,2,9979,5,No
EMP10986,35,Male,Marketing,Research Director,Human Resources,5,7,6562,3,No
EMP10987,47,Female,Marketing,Research Scientist,Other,3,17,9089,5,No
EMP10988,28,Female,Research & Development,Research Scientist,Technical Degree,4,3,7665,5,Yes
EMP10989,30,Female,Human Resources,Research Scientist,Human Resources,2,6,5548,5,No
EMP10990,43,Female,Human Resources,Manager,Technical Degree,3,0,3308,1,No
EMP10991,28,Female,Research & Development,Manager,Marketing,3,1,2622,3,No
EMP10992,20,Female,Research & Development,Sales Executive,Human Resources,2,8,7252,5,No
EMP10993,42,Female,Sales,Research Director,Technical Degree,2,12,6764,2,No
EMP10994,33,Female,IT,Sales Executive,Medical,3,1,3838,4,Yes
EMP10995,31,Male,IT,Healthcare Representative,Medical,3,4,7765,2,No
EMP10996,36,Female,IT,Sales Executive,Human Resources,4,0,5891,1,No
EMP10997,36,Male,Human Resources,Manager,Other,5,10,7705,3,No
EMP10998,33,Male,Research & Development,Human Resources,Life Sciences,3,1,4043,3,No
EMP10999,23,Male,Research & Development,Laboratory Technician,Marketing,4,0,2000,4,No
